1244,PAVP_Group_VLV2EPIDPREPROD_Public_Keys.bin,0
2167,PAVP_Group_VLV2EPIDPROD_Public_Keys.bin,0
2168,PAVP_Group_VLV2EPIDPROD_Public_Keys.bin,392
2169,PAVP_Group_VLV2EPIDPROD_Public_Keys.bin,784
2170,PAVP_Group_VLV2EPIDPROD_Public_Keys.bin,1176
2171,PAVP_Group_VLV2EPIDPROD_Public_Keys.bin,1568
2172,PAVP_Group_VLV2EPIDPROD_Public_Keys.bin,1960
2173,PAVP_Group_VLV2EPIDPROD_Public_Keys.bin,2352
2174,PAVP_Group_VLV2EPIDPROD_Public_Keys.bin,2744
2175,PAVP_Group_VLV2EPIDPROD_Public_Keys.bin,3136
2176,PAVP_Group_VLV2EPIDPROD_Public_Keys.bin,3528
2177,PAVP_Group_VLV2EPIDPROD_Public_Keys.bin,3920
2178,PAVP_Group_VLV2EPIDPROD_Public_Keys.bin,4312
2179,PAVP_Group_VLV2EPIDPROD_Public_Keys.bin,4704
2180,PAVP_Group_VLV2EPIDPROD_Public_Keys.bin,5096
2181,PAVP_Group_VLV2EPIDPROD_Public_Keys.bin,5488
2182,PAVP_Group_VLV2EPIDPROD_Public_Keys.bin,5880
2183,PAVP_Group_VLV2EPIDPROD_Public_Keys.bin,6272
2184,PAVP_Group_VLV2EPIDPROD_Public_Keys.bin,6664
2185,PAVP_Group_VLV2EPIDPROD_Public_Keys.bin,7056
2186,PAVP_Group_VLV2EPIDPROD_Public_Keys.bin,7448
2187,PAVP_Group_VLV2EPIDPROD_Public_Keys.bin,7840
2188,PAVP_Group_VLV2EPIDPROD_Public_Keys.bin,8232
2189,PAVP_Group_VLV2EPIDPROD_Public_Keys.bin,8624
2190,PAVP_Group_VLV2EPIDPROD_Public_Keys.bin,9016
2191,PAVP_Group_VLV2EPIDPROD_Public_Keys.bin,9408
2192,PAVP_Group_VLV2EPIDPROD_Public_Keys.bin,9800
2193,PAVP_Group_VLV2EPIDPROD_Public_Keys.bin,10192
2194,PAVP_Group_VLV2EPIDPROD_Public_Keys.bin,10584
2195,PAVP_Group_VLV2EPIDPROD_Public_Keys.bin,10976
2196,PAVP_Group_VLV2EPIDPROD_Public_Keys.bin,11368
2197,PAVP_Group_VLV2EPIDPROD_Public_Keys.bin,11760
2198,PAVP_Group_VLV2EPIDPROD_Public_Keys.bin,12152
2199,PAVP_Group_VLV2EPIDPROD_Public_Keys.bin,12544
2200,PAVP_Group_VLV2EPIDPROD_Public_Keys.bin,12936
2201,PAVP_Group_VLV2EPIDPROD_Public_Keys.bin,13328
2202,PAVP_Group_VLV2EPIDPROD_Public_Keys.bin,13720
2203,PAVP_Group_VLV2EPIDPROD_Public_Keys.bin,14112
2204,PAVP_Group_VLV2EPIDPROD_Public_Keys.bin,14504
2205,PAVP_Group_VLV2EPIDPROD_Public_Keys.bin,14896
2206,PAVP_Group_VLV2EPIDPROD_Public_Keys.bin,15288
2207,PAVP_Group_VLV2EPIDPROD_Public_Keys.bin,15680
2208,PAVP_Group_VLV2EPIDPROD_Public_Keys.bin,16072
2209,PAVP_Group_VLV2EPIDPROD_Public_Keys.bin,16464
2210,PAVP_Group_VLV2EPIDPROD_Public_Keys.bin,16856
2211,PAVP_Group_VLV2EPIDPROD_Public_Keys.bin,17248
2212,PAVP_Group_VLV2EPIDPROD_Public_Keys.bin,17640
2213,PAVP_Group_VLV2EPIDPROD_Public_Keys.bin,18032
2214,PAVP_Group_VLV2EPIDPROD_Public_Keys.bin,18424
2215,PAVP_Group_VLV2EPIDPROD_Public_Keys.bin,18816
2216,PAVP_Group_VLV2EPIDPROD_Public_Keys.bin,19208
2217,PAVP_Group_VLV2EPIDPROD_Public_Keys.bin,19600
2218,PAVP_Group_VLV2EPIDPROD_Public_Keys.bin,19992
2219,PAVP_Group_VLV2EPIDPROD_Public_Keys.bin,20384
2220,PAVP_Group_VLV2EPIDPROD_Public_Keys.bin,20776
2221,PAVP_Group_VLV2EPIDPROD_Public_Keys.bin,21168
2222,PAVP_Group_VLV2EPIDPROD_Public_Keys.bin,21560
2223,PAVP_Group_VLV2EPIDPROD_Public_Keys.bin,21952
2224,PAVP_Group_VLV2EPIDPROD_Public_Keys.bin,22344
2225,PAVP_Group_VLV2EPIDPROD_Public_Keys.bin,22736
2226,PAVP_Group_VLV2EPIDPROD_Public_Keys.bin,23128
2227,PAVP_Group_VLV2EPIDPROD_Public_Keys.bin,23520
2228,PAVP_Group_VLV2EPIDPROD_Public_Keys.bin,23912
2229,PAVP_Group_VLV2EPIDPROD_Public_Keys.bin,24304
2230,PAVP_Group_VLV2EPIDPROD_Public_Keys.bin,24696
2231,PAVP_Group_VLV2EPIDPROD_Public_Keys.bin,25088
2232,PAVP_Group_VLV2EPIDPROD_Public_Keys.bin,25480
2233,PAVP_Group_VLV2EPIDPROD_Public_Keys.bin,25872
2234,PAVP_Group_VLV2EPIDPROD_Public_Keys.bin,26264
2235,PAVP_Group_VLV2EPIDPROD_Public_Keys.bin,26656
2236,PAVP_Group_VLV2EPIDPROD_Public_Keys.bin,27048
2237,PAVP_Group_VLV2EPIDPROD_Public_Keys.bin,27440
2238,PAVP_Group_VLV2EPIDPROD_Public_Keys.bin,27832
2239,PAVP_Group_VLV2EPIDPROD_Public_Keys.bin,28224
2240,PAVP_Group_VLV2EPIDPROD_Public_Keys.bin,28616
2241,PAVP_Group_VLV2EPIDPROD_Public_Keys.bin,29008
2242,PAVP_Group_VLV2EPIDPROD_Public_Keys.bin,29400
2243,PAVP_Group_VLV2EPIDPROD_Public_Keys.bin,29792
2244,PAVP_Group_VLV2EPIDPROD_Public_Keys.bin,30184
2245,PAVP_Group_VLV2EPIDPROD_Public_Keys.bin,30576
2246,PAVP_Group_VLV2EPIDPROD_Public_Keys.bin,30968
2247,PAVP_Group_VLV2EPIDPROD_Public_Keys.bin,31360
2248,PAVP_Group_VLV2EPIDPROD_Public_Keys.bin,31752
2249,PAVP_Group_VLV2EPIDPROD_Public_Keys.bin,32144
2250,PAVP_Group_VLV2EPIDPROD_Public_Keys.bin,32536
2251,PAVP_Group_VLV2EPIDPROD_Public_Keys.bin,32928
2252,PAVP_Group_VLV2EPIDPROD_Public_Keys.bin,33320
2253,PAVP_Group_VLV2EPIDPROD_Public_Keys.bin,33712
2254,PAVP_Group_VLV2EPIDPROD_Public_Keys.bin,34104
2255,PAVP_Group_VLV2EPIDPROD_Public_Keys.bin,34496
2256,PAVP_Group_VLV2EPIDPROD_Public_Keys.bin,34888
2257,PAVP_Group_VLV2EPIDPROD_Public_Keys.bin,35280
2258,PAVP_Group_VLV2EPIDPROD_Public_Keys.bin,35672
2259,PAVP_Group_VLV2EPIDPROD_Public_Keys.bin,36064
2260,PAVP_Group_VLV2EPIDPROD_Public_Keys.bin,36456
2261,PAVP_Group_VLV2EPIDPROD_Public_Keys.bin,36848
2262,PAVP_Group_VLV2EPIDPROD_Public_Keys.bin,37240
2263,PAVP_Group_VLV2EPIDPROD_Public_Keys.bin,37632
2264,PAVP_Group_VLV2EPIDPROD_Public_Keys.bin,38024
2265,PAVP_Group_VLV2EPIDPROD_Public_Keys.bin,38416
2266,PAVP_Group_VLV2EPIDPROD_Public_Keys.bin,38808
2669,PAVP_Group_BYTEPIDPROD_Public_Keys.bin,0
2670,PAVP_Group_BYTEPIDPROD_Public_Keys.bin,392
2671,PAVP_Group_BYTEPIDPROD_Public_Keys.bin,784
2672,PAVP_Group_BYTEPIDPROD_Public_Keys.bin,1176
2673,PAVP_Group_BYTEPIDPROD_Public_Keys.bin,1568
2674,PAVP_Group_BYTEPIDPROD_Public_Keys.bin,1960
2675,PAVP_Group_BYTEPIDPROD_Public_Keys.bin,2352
2676,PAVP_Group_BYTEPIDPROD_Public_Keys.bin,2744
2677,PAVP_Group_BYTEPIDPROD_Public_Keys.bin,3136
2678,PAVP_Group_BYTEPIDPROD_Public_Keys.bin,3528
2679,PAVP_Group_BYTEPIDPROD_Public_Keys.bin,3920
2680,PAVP_Group_BYTEPIDPROD_Public_Keys.bin,4312
2681,PAVP_Group_BYTEPIDPROD_Public_Keys.bin,4704
2682,PAVP_Group_BYTEPIDPROD_Public_Keys.bin,5096
2683,PAVP_Group_BYTEPIDPROD_Public_Keys.bin,5488
2684,PAVP_Group_BYTEPIDPROD_Public_Keys.bin,5880
2685,PAVP_Group_BYTEPIDPROD_Public_Keys.bin,6272
2686,PAVP_Group_BYTEPIDPROD_Public_Keys.bin,6664
2687,PAVP_Group_BYTEPIDPROD_Public_Keys.bin,7056
2688,PAVP_Group_BYTEPIDPROD_Public_Keys.bin,7448
2689,PAVP_Group_BYTEPIDPROD_Public_Keys.bin,7840
2690,PAVP_Group_BYTEPIDPROD_Public_Keys.bin,8232
2691,PAVP_Group_BYTEPIDPROD_Public_Keys.bin,8624
2692,PAVP_Group_BYTEPIDPROD_Public_Keys.bin,9016
2693,PAVP_Group_BYTEPIDPROD_Public_Keys.bin,9408
2694,PAVP_Group_BYTEPIDPROD_Public_Keys.bin,9800
2695,PAVP_Group_BYTEPIDPROD_Public_Keys.bin,10192
2696,PAVP_Group_BYTEPIDPROD_Public_Keys.bin,10584
2697,PAVP_Group_BYTEPIDPROD_Public_Keys.bin,10976
2698,PAVP_Group_BYTEPIDPROD_Public_Keys.bin,11368
2699,PAVP_Group_BYTEPIDPROD_Public_Keys.bin,11760
2700,PAVP_Group_BYTEPIDPROD_Public_Keys.bin,12152
2701,PAVP_Group_BYTEPIDPROD_Public_Keys.bin,12544
2702,PAVP_Group_BYTEPIDPROD_Public_Keys.bin,12936
2703,PAVP_Group_BYTEPIDPROD_Public_Keys.bin,13328
2704,PAVP_Group_BYTEPIDPROD_Public_Keys.bin,13720
2705,PAVP_Group_BYTEPIDPROD_Public_Keys.bin,14112
2706,PAVP_Group_BYTEPIDPROD_Public_Keys.bin,14504
2707,PAVP_Group_BYTEPIDPROD_Public_Keys.bin,14896
2708,PAVP_Group_BYTEPIDPROD_Public_Keys.bin,15288
2709,PAVP_Group_BYTEPIDPROD_Public_Keys.bin,15680
2710,PAVP_Group_BYTEPIDPROD_Public_Keys.bin,16072
2711,PAVP_Group_BYTEPIDPROD_Public_Keys.bin,16464
2712,PAVP_Group_BYTEPIDPROD_Public_Keys.bin,16856
2713,PAVP_Group_BYTEPIDPROD_Public_Keys.bin,17248
2714,PAVP_Group_BYTEPIDPROD_Public_Keys.bin,17640
2715,PAVP_Group_BYTEPIDPROD_Public_Keys.bin,18032
2716,PAVP_Group_BYTEPIDPROD_Public_Keys.bin,18424
2717,PAVP_Group_BYTEPIDPROD_Public_Keys.bin,18816
2718,PAVP_Group_BYTEPIDPROD_Public_Keys.bin,19208
2719,PAVP_Group_BYTEPIDPROD_Public_Keys.bin,19600
2720,PAVP_Group_BYTEPIDPROD_Public_Keys.bin,19992
2721,PAVP_Group_BYTEPIDPROD_Public_Keys.bin,20384
2722,PAVP_Group_BYTEPIDPROD_Public_Keys.bin,20776
2723,PAVP_Group_BYTEPIDPROD_Public_Keys.bin,21168
2724,PAVP_Group_BYTEPIDPROD_Public_Keys.bin,21560
2725,PAVP_Group_BYTEPIDPROD_Public_Keys.bin,21952
2726,PAVP_Group_BYTEPIDPROD_Public_Keys.bin,22344
2727,PAVP_Group_BYTEPIDPROD_Public_Keys.bin,22736
2728,PAVP_Group_BYTEPIDPROD_Public_Keys.bin,23128
2729,PAVP_Group_BYTEPIDPROD_Public_Keys.bin,23520
2730,PAVP_Group_BYTEPIDPROD_Public_Keys.bin,23912
2731,PAVP_Group_BYTEPIDPROD_Public_Keys.bin,24304
2732,PAVP_Group_BYTEPIDPROD_Public_Keys.bin,24696
2733,PAVP_Group_BYTEPIDPROD_Public_Keys.bin,25088
2734,PAVP_Group_BYTEPIDPROD_Public_Keys.bin,25480
2735,PAVP_Group_BYTEPIDPROD_Public_Keys.bin,25872
2736,PAVP_Group_BYTEPIDPROD_Public_Keys.bin,26264
2737,PAVP_Group_BYTEPIDPROD_Public_Keys.bin,26656
2738,PAVP_Group_BYTEPIDPROD_Public_Keys.bin,27048
2739,PAVP_Group_BYTEPIDPROD_Public_Keys.bin,27440
2740,PAVP_Group_BYTEPIDPROD_Public_Keys.bin,27832
2741,PAVP_Group_BYTEPIDPROD_Public_Keys.bin,28224
2742,PAVP_Group_BYTEPIDPROD_Public_Keys.bin,28616
2743,PAVP_Group_BYTEPIDPROD_Public_Keys.bin,29008
2744,PAVP_Group_BYTEPIDPROD_Public_Keys.bin,29400
2745,PAVP_Group_BYTEPIDPROD_Public_Keys.bin,29792
2746,PAVP_Group_BYTEPIDPROD_Public_Keys.bin,30184
2747,PAVP_Group_BYTEPIDPROD_Public_Keys.bin,30576
2748,PAVP_Group_BYTEPIDPROD_Public_Keys.bin,30968
2749,PAVP_Group_BYTEPIDPROD_Public_Keys.bin,31360
2750,PAVP_Group_BYTEPIDPROD_Public_Keys.bin,31752
2751,PAVP_Group_BYTEPIDPROD_Public_Keys.bin,32144
2752,PAVP_Group_BYTEPIDPROD_Public_Keys.bin,32536
2753,PAVP_Group_BYTEPIDPROD_Public_Keys.bin,32928
2754,PAVP_Group_BYTEPIDPROD_Public_Keys.bin,33320
2755,PAVP_Group_BYTEPIDPROD_Public_Keys.bin,33712
2756,PAVP_Group_BYTEPIDPROD_Public_Keys.bin,34104
2757,PAVP_Group_BYTEPIDPROD_Public_Keys.bin,34496
2758,PAVP_Group_BYTEPIDPROD_Public_Keys.bin,34888
2759,PAVP_Group_BYTEPIDPROD_Public_Keys.bin,35280
2760,PAVP_Group_BYTEPIDPROD_Public_Keys.bin,35672
2761,PAVP_Group_BYTEPIDPROD_Public_Keys.bin,36064
2762,PAVP_Group_BYTEPIDPROD_Public_Keys.bin,36456
2763,PAVP_Group_BYTEPIDPROD_Public_Keys.bin,36848
2764,PAVP_Group_BYTEPIDPROD_Public_Keys.bin,37240
2765,PAVP_Group_BYTEPIDPROD_Public_Keys.bin,37632
2766,PAVP_Group_BYTEPIDPROD_Public_Keys.bin,38024
2767,PAVP_Group_BYTEPIDPROD_Public_Keys.bin,38416
2768,PAVP_Group_BYTEPIDPROD_Public_Keys.bin,38808
3340,PAVP_Group_CHTEPIDPREPROD_Public_Keys.bin,0
3341,PAVP_Group_CHTEPIDPROD_Public_Keys.bin,0
3342,PAVP_Group_CHTEPIDPROD_Public_Keys.bin,392
3343,PAVP_Group_CHTEPIDPROD_Public_Keys.bin,784
3344,PAVP_Group_CHTEPIDPROD_Public_Keys.bin,1176
3345,PAVP_Group_CHTEPIDPROD_Public_Keys.bin,1568
3346,PAVP_Group_CHTEPIDPROD_Public_Keys.bin,1960
3347,PAVP_Group_CHTEPIDPROD_Public_Keys.bin,2352
3348,PAVP_Group_CHTEPIDPROD_Public_Keys.bin,2744
3349,PAVP_Group_CHTEPIDPROD_Public_Keys.bin,3136
3350,PAVP_Group_CHTEPIDPROD_Public_Keys.bin,3528
3351,PAVP_Group_CHTEPIDPROD_Public_Keys.bin,3920
3352,PAVP_Group_CHTEPIDPROD_Public_Keys.bin,4312
3353,PAVP_Group_CHTEPIDPROD_Public_Keys.bin,4704
3354,PAVP_Group_CHTEPIDPROD_Public_Keys.bin,5096
3355,PAVP_Group_CHTEPIDPROD_Public_Keys.bin,5488
3356,PAVP_Group_CHTEPIDPROD_Public_Keys.bin,5880
3357,PAVP_Group_CHTEPIDPROD_Public_Keys.bin,6272
3358,PAVP_Group_CHTEPIDPROD_Public_Keys.bin,6664
3359,PAVP_Group_CHTEPIDPROD_Public_Keys.bin,7056
3360,PAVP_Group_CHTEPIDPROD_Public_Keys.bin,7448
3361,PAVP_Group_CHTEPIDPROD_Public_Keys.bin,7840
3362,PAVP_Group_CHTEPIDPROD_Public_Keys.bin,8232
3363,PAVP_Group_CHTEPIDPROD_Public_Keys.bin,8624
3364,PAVP_Group_CHTEPIDPROD_Public_Keys.bin,9016
3365,PAVP_Group_CHTEPIDPROD_Public_Keys.bin,9408
3366,PAVP_Group_CHTEPIDPROD_Public_Keys.bin,9800
3367,PAVP_Group_CHTEPIDPROD_Public_Keys.bin,10192
3368,PAVP_Group_CHTEPIDPROD_Public_Keys.bin,10584
3369,PAVP_Group_CHTEPIDPROD_Public_Keys.bin,10976
3370,PAVP_Group_CHTEPIDPROD_Public_Keys.bin,11368
3371,PAVP_Group_CHTEPIDPROD_Public_Keys.bin,11760
3372,PAVP_Group_CHTEPIDPROD_Public_Keys.bin,12152
3373,PAVP_Group_CHTEPIDPROD_Public_Keys.bin,12544
3374,PAVP_Group_CHTEPIDPROD_Public_Keys.bin,12936
3375,PAVP_Group_CHTEPIDPROD_Public_Keys.bin,13328
3376,PAVP_Group_CHTEPIDPROD_Public_Keys.bin,13720
3377,PAVP_Group_CHTEPIDPROD_Public_Keys.bin,14112
3378,PAVP_Group_CHTEPIDPROD_Public_Keys.bin,14504
3379,PAVP_Group_CHTEPIDPROD_Public_Keys.bin,14896
3380,PAVP_Group_CHTEPIDPROD_Public_Keys.bin,15288
3381,PAVP_Group_CHTEPIDPROD_Public_Keys.bin,15680
3382,PAVP_Group_CHTEPIDPROD_Public_Keys.bin,16072
3383,PAVP_Group_CHTEPIDPROD_Public_Keys.bin,16464
3384,PAVP_Group_CHTEPIDPROD_Public_Keys.bin,16856
3385,PAVP_Group_CHTEPIDPROD_Public_Keys.bin,17248
3386,PAVP_Group_CHTEPIDPROD_Public_Keys.bin,17640
3387,PAVP_Group_CHTEPIDPROD_Public_Keys.bin,18032
3388,PAVP_Group_CHTEPIDPROD_Public_Keys.bin,18424
3389,PAVP_Group_CHTEPIDPROD_Public_Keys.bin,18816
3390,PAVP_Group_CHTEPIDPROD_Public_Keys.bin,19208
3391,PAVP_Group_CHTEPIDPROD_Public_Keys.bin,19600
3392,PAVP_Group_CHTEPIDPROD_Public_Keys.bin,19992
3393,PAVP_Group_CHTEPIDPROD_Public_Keys.bin,20384
3394,PAVP_Group_CHTEPIDPROD_Public_Keys.bin,20776
3395,PAVP_Group_CHTEPIDPROD_Public_Keys.bin,21168
3396,PAVP_Group_CHTEPIDPROD_Public_Keys.bin,21560
3397,PAVP_Group_CHTEPIDPROD_Public_Keys.bin,21952
3398,PAVP_Group_CHTEPIDPROD_Public_Keys.bin,22344
3399,PAVP_Group_CHTEPIDPROD_Public_Keys.bin,22736
3400,PAVP_Group_CHTEPIDPROD_Public_Keys.bin,23128
3401,PAVP_Group_CHTEPIDPROD_Public_Keys.bin,23520
3402,PAVP_Group_CHTEPIDPROD_Public_Keys.bin,23912
3403,PAVP_Group_CHTEPIDPROD_Public_Keys.bin,24304
3404,PAVP_Group_CHTEPIDPROD_Public_Keys.bin,24696
3405,PAVP_Group_CHTEPIDPROD_Public_Keys.bin,25088
3406,PAVP_Group_CHTEPIDPROD_Public_Keys.bin,25480
3407,PAVP_Group_CHTEPIDPROD_Public_Keys.bin,25872
3408,PAVP_Group_CHTEPIDPROD_Public_Keys.bin,26264
3409,PAVP_Group_CHTEPIDPROD_Public_Keys.bin,26656
3410,PAVP_Group_CHTEPIDPROD_Public_Keys.bin,27048
3411,PAVP_Group_CHTEPIDPROD_Public_Keys.bin,27440
3412,PAVP_Group_CHTEPIDPROD_Public_Keys.bin,27832
3413,PAVP_Group_CHTEPIDPROD_Public_Keys.bin,28224
3414,PAVP_Group_CHTEPIDPROD_Public_Keys.bin,28616
3415,PAVP_Group_CHTEPIDPROD_Public_Keys.bin,29008
3416,PAVP_Group_CHTEPIDPROD_Public_Keys.bin,29400
3417,PAVP_Group_CHTEPIDPROD_Public_Keys.bin,29792
3418,PAVP_Group_CHTEPIDPROD_Public_Keys.bin,30184
3419,PAVP_Group_CHTEPIDPROD_Public_Keys.bin,30576
3420,PAVP_Group_CHTEPIDPROD_Public_Keys.bin,30968
3421,PAVP_Group_CHTEPIDPROD_Public_Keys.bin,31360
3422,PAVP_Group_CHTEPIDPROD_Public_Keys.bin,31752
3423,PAVP_Group_CHTEPIDPROD_Public_Keys.bin,32144
3424,PAVP_Group_CHTEPIDPROD_Public_Keys.bin,32536
3425,PAVP_Group_CHTEPIDPROD_Public_Keys.bin,32928
3426,PAVP_Group_CHTEPIDPROD_Public_Keys.bin,33320
3427,PAVP_Group_CHTEPIDPROD_Public_Keys.bin,33712
3428,PAVP_Group_CHTEPIDPROD_Public_Keys.bin,34104
3429,PAVP_Group_CHTEPIDPROD_Public_Keys.bin,34496
3430,PAVP_Group_CHTEPIDPROD_Public_Keys.bin,34888
3431,PAVP_Group_CHTEPIDPROD_Public_Keys.bin,35280
3432,PAVP_Group_CHTEPIDPROD_Public_Keys.bin,35672
3433,PAVP_Group_CHTEPIDPROD_Public_Keys.bin,36064
3434,PAVP_Group_CHTEPIDPROD_Public_Keys.bin,36456
3435,PAVP_Group_CHTEPIDPROD_Public_Keys.bin,36848
3436,PAVP_Group_CHTEPIDPROD_Public_Keys.bin,37240
3437,PAVP_Group_CHTEPIDPROD_Public_Keys.bin,37632
3438,PAVP_Group_CHTEPIDPROD_Public_Keys.bin,38024
3439,PAVP_Group_CHTEPIDPROD_Public_Keys.bin,38416
3440,PAVP_Group_CHTEPIDPROD_Public_Keys.bin,38808
